"@LewisDixon	O"
"Trust	O"
"me	O"
"!	O"
"im	O"
"gonna	O"
"be	O"
"bringing	O"
"out	O"
"music	O"
"like	O"
"theres	O"
"no	O"
"tomorrow	O"
",	O"
"Be	O"
"doing	O"
"pure	O"
"blog	O"
"videos	O"
"&amp;	O"
"freestyle	O"
"videos	O"
"#Moesh	O"
"!	O"
""
"@joshHnumber1fan	O"
"its	O"
"okay	O"
"then	O"
"..	O"
"make	O"
"it	O"
"when	O"
"it	O"
"works	O"
":D	O"
""
"Asprin	O"
",	O"
"check	O"
",	O"
"cup	O"
"of	O"
"tea	O"
",	O"
"check	O"
",	O"
"pillow	O"
",	O"
"check	O"
",	O"
"warm	O"
"sleeping	O"
"bag	O"
",	O"
"check	O"
",	O"
"fanfiction	O"
"on	O"
"the	O"
"laptop	O"
",	O"
"check	O"
".	O"
"Time	O"
"to	O"
"settle	O"
"down	O"
"and	O"
"relax	O"
""
"@angelportugues	O"
"LMAO	O"
"!	O"
"When	O"
"is	O"
"tht	O"
"one	O"
"day	O"
"?:	O"
"P	O"
""
"The	O"
"Basic	O"
"Step	O"
"Before	O"
"You	O"
"Even	O"
"Start	O"
"Thinking	O"
"Of	O"
"Making	O"
"Your	O"
"...:	O"
"Keyword	O"
"research	O"
"is	O"
"a	O"
"well	O"
"known	O"
"subject	O"
",	O"
"yet	O"
"so	O"
"...	O"
"http://bit.ly/9XQgSr	O"
""
"today	O"
"just	O"
"does	O"
"n't	O"
"feel	O"
"like	O"
"a	O"
"Friday	O"
""
"RT	O"
"@Slijterijmeisje	O"
":	O"
"Kreeg	O"
"net	O"
"een	O"
"bruikbare	O"
"tip	O"
"van	O"
"iemand	O"
"die	O"
"vorige	O"
"week	O"
"was	O"
"begonnen	O"
"met	O"
"een	O"
"whiskydieet	O"
",	O"
"hij	O"
"was	O"
"nu	O"
"al	O"
"3	O"
"dagen	O"
"kwijt	O"
""
"You	O"
"Get	O"
"What	O"
"You	O"
"Give	O"
"~	O"
"Zac	B"
"Brown	I"
"Band	I"
"40	O"
"days	O"
"in	O"
"the	O"
"top	O"
"100	O"
"Release	O"
"Date	O"
":	O"
"September	O"
"21	O"
",	O"
"2010Buy	O"
"new	O"
":	O"
"$	O"
"18.98	O"
"$	O"
"...	O"
"http://amzn.to/9Cfkpc	O"
""
"Last	O"
"stop	O"
"of	O"
"the	O"
"day	O"
"thank	O"
"goddddd	O"
"(@	O"
"H-E-B	O"
"Plus	O"
")	O"
"http://4sq.com/7RDhgd	O"
""
"its	O"
"friday	O"
".	O"
"but	O"
"instead	O"
"of	O"
"partying	O"
"or	O"
"doing	O"
"homework	O"
".	O"
"I'm	O"
"going	O"
"to	O"
"tumblr	B"
"for	O"
"a	O"
"bit	O"
"and	O"
"sleep	O"
"XD	O"
""
"i'm	O"
"off	O"
"to	O"
"bed	O"
"!	O"
"tomorrow	O"
"i'll	O"
"go	O"
"to	O"
"Nijverdal	B"
"and	O"
"meet	O"
"@ElineEpica	O"
"there	O"
",	O"
"on	O"
"her	O"
"sweeeet16	O"
"#partyyy	O"
""
"@GOBLUE_FUCKosu	O"
"it	O"
"was	O"
"our	O"
"10th	O"
"grade	O"
"year	O"
".	O"
"smh	O"
""
"I	O"
"think	O"
"one	O"
"of	O"
"the	O"
"coolest	O"
"things	O"
"to	O"
"do	O"
"would	O"
"be	O"
"to	O"
"hang	O"
"out	O"
"with	O"
"the	B"
"Rza	I"
"for	O"
"a	O"
"day	O"
".	O"
""
"You	O"
"remeber	O"
"we	O"
"were	O"
"sitting	O"
"there	O"
"by	O"
"the	O"
"water	O"
"you	O"
"put	O"
"your	O"
"arm	O"
"around	O"
"me	O"
"for	O"
"the	O"
"first	O"
"time	O"
"you	O"
"made	O"
"a	O"
"rebel	O"
"careless	O"
"mans	O"
"careful	O"
"daughter	O"
""
"@daxx_d24	O"
"best	O"
"feeling	O"
"in	O"
"the	O"
"world	O"
"twice	O"
"this	O"
"week	O"
".	O"
"Got	O"
"3	O"
"more	O"
"on	O"
"the	O"
"way	O"
"lmao	O"
"i	O"
"cant	O"
"stop	O"
""
"@DEVEY2G	O"
"no	O"
"I	O"
"liked	O"
"the	O"
"one	O"
"u	O"
"had	O"
"had	O"
"that	O"
"time	O"
"but	O"
"I'm	O"
"sure	O"
"I	O"
"cood	O"
"make	O"
"one	O"
"wit	O"
"my	O"
"bro	O"
"possibly	O"
""
"Always	O"
"kinda	O"
"awkward	O"
"when	O"
"you	O"
"get	O"
"the	O"
"chat	O"
"group	O"
"wrong	O"
"in	O"
"WoW	B"
".	O"
"Sometimes	O"
"you	O"
"don't	O"
"want	O"
"the	O"
"tank	O"
"to	O"
"know	O"
"you're	O"
"dissin	O"
"'	O"
"him	O"
".	O"
"Oops	O"
".	O"
""
"Kristen	B"
"is	O"
"MY	O"
"LIFE	O"
".	O"
"She	O"
"made	O"
"me	O"
"who	O"
"i	O"
"am	O"
"today	O"
",	O"
"I	O"
"was	O"
"a	O"
"fucker	O"
"before	O"
"her	O"
",	O"
"she	O"
"fixed	O"
"me	O"
".	O"
"And	O"
"so	O"
"did	O"
"Robert	B"
".	O"
""
"Wtf	O"
"do	O"
"i	O"
"have	O"
"a	O"
"stupid	O"
"3hr	O"
"shift	O"
"tonight	O"
"!!	O"
"I	O"
"wanna	O"
"go	O"
"out	O"
"and	O"
"have	O"
"fun	O"
":(	O"
"Oh	O"
"well	O"
"time	O"
"to	O"
"watch	O"
"some	O"
"Jersey	B"
"Shore	I"
"haha	O"
""
"@BPadalecki1990	O"
"Do	O"
"you	O"
"have	O"
"any	O"
"pic	O"
"'s	O"
"from	O"
"your	O"
"wedding	O"
"day	O"
"hun	O"
"I	O"
"would	O"
"like	O"
"to	O"
"see	O"
"them	O"
""
"RT	O"
"@HeyThatsSoTrue	O"
":	O"
"When	O"
"I	O"
"was	O"
"little	O"
",	O"
"I	O"
"had	O"
"a	O"
"huge	O"
"imagination	O"
".	O"
"Now	O"
"I	O"
"can't	O"
"even	O"
"make	O"
"up	O"
"a	O"
"story	O"
"for	O"
"english	O"
"class	O"
".	O"
"#HeyThatsSoTrue	O"
""
"Your	O"
"paycheck	O"
"may	O"
"shrink	O"
"next	O"
"year	O"
",	O"
"at	O"
"least	O"
"temporarily	O"
",	O"
"if	O"
"a	O"
"vote	O"
"on	O"
"extending	O"
"the	O"
"Bush	B"
"tax	O"
"cuts	O"
"slips	O"
"past	O"
"November	O"
".	O"
"http://bit.ly/9y8fdS	O"
""
"Dollar	O"
"steady	O"
"versus	O"
"yen	O"
"but	O"
"market	O"
"wary	O"
"of	O"
"intervention	O"
"|	O"
"Money	O"
"...:	O"
"The	O"
"dollar	O"
"held	O"
"near	O"
"its	O"
"highest	O"
"in	O"
"a	O"
"month	O"
"...	O"
"http://bit.ly/a0F3dO	O"
""
"Greek	B"
"Festival	I"
"at	O"
"St	B"
"Johns	I"
"before	O"
"ASPEN	B"
""
"Ew	O"
"wait	O"
"baq	O"
"da	O"
"fuq	O"
"up	O"
".	O"
"I	O"
"have	O"
"to	O"
"look	O"
"after	O"
"Michael	B"
"and	O"
"his	O"
"friend	O"
"...	O"
"JOY	O"
".	O"
"-___-op	O"
""
"It	O"
"'s	O"
"5pm	O"
"on	O"
"Friday	O"
"!	O"
"Wish	O"
"you	O"
"guys	O"
"have	O"
"a	O"
"fabulous	O"
"evening	O"
"!!!	O"
"And	O"
"have	O"
"a	O"
"wonderful	O"
"weekend	O"
"&lt;	O"
"3	O"
"&lt;	O"
"3	O"
"http://fb.me/xLeN7MAe	O"
""
"#jobs	O"
"#careers	O"
"#Greenville	O"
"AT&amp;T	B"
"Full	O"
"Time	O"
"Retail	O"
"Sales	O"
"Consultant(s	O"
")	O"
"-	O"
"Greenville	B"
",	O"
"AL	B"
"http://bit.ly/dflARA	O"
""
"MetroPCS	B"
"has	O"
"the	O"
"worst	O"
"customer	O"
"service	O"
"I	O"
"'ve	O"
"experienced	O"
"in	O"
"months	O"
"(	O"
"trying	O"
"to	O"
"help	O"
"someone	O"
"order	O"
"a	O"
"phone	O"
")	O"
"#metropcs	O"
"#fail	O"
""
"This	O"
"next	O"
"question	O"
",	O"
"may	O"
"take	O"
"a	O"
"few	O"
"moments	O"
"to	O"
"research	O"
".	O"
"BUT	O"
"the	O"
"answer	O"
"IS	O"
"on	O"
"JavaMonkeys	O"
".	O"
"com	O"
".	O"
"So	O"
",	O"
"we	O"
"will	O"
"pick	O"
"a	O"
"...	O"
"http://fb.me/GTRhPujh	O"
""
"I	O"
"just	O"
"took	O"
"""	O"
"Justin	B"
"Bieber	I"
"takes	O"
"2	O"
"months	O"
"off	O"
"career	O"
"to	O"
"finish	O"
"school	O"
",	O"
"He	O"
"is	O"
"a	O"
"huge	O"
"player	O"
"...""	O"
"and	O"
"got	O"
":	O"
"Part	O"
"8	O"
"!	O"
"Try	O"
"it	O"
":	O"
"http://bit.ly/cNarLp	O"
""
"The	O"
"week	O"
"ahead	O"
"-	O"
"http://newzfor.me/?7jfc	O"
""
"RT	O"
"@NPR	O"
":	O"
"Song	O"
"of	O"
"the	O"
"Day	O"
":	O"
"Blonde	B"
"Redhead	I"
":	O"
"A	B"
"Different	I"
"Kind	I"
"Of	I"
"Ache	I"
"http://n.pr/9O8yXE	O"
""
"we	O"
"need	O"
"some	O"
"time	O"
"alone	O"
"we	O"
"need	O"
"to	O"
"let	O"
"it	O"
"BREATH	O"
""
"@AishaHanii2	O"
"@starflower1204	O"
"Ahhh	O"
"okay	O"
".	O"
"I've	O"
"never	O"
"ordered	O"
"a	O"
"CD	O"
"before	O"
"so	O"
"I	O"
"have	O"
"NO	O"
"idea	O"
".	O"
"just	O"
"say	O"
"I	O"
"NEED	O"
"IT	O"
"TO	O"
"GET	O"
"THROUGH	O"
"THE	O"
"WEEKEND	O"
"!!	O"
"xD	O"
""
"RT	O"
"@Ashanie_di_Don	O"
":	O"
"@JDay_Sept15	O"
"lol	O"
"i	O"
"see	O"
"someone	O"
"hyped	O"
"and	O"
"ready	O"
"for	O"
"#FlavaFridays	O"
"tonight	O"
"&lt;	O"
"every	O"
"week	O"
".	O"
"Lets	O"
"get	O"
"it	O"
"!	O"
""
"@BeliebinMinajj	O"
"OMG	O"
"MILLIONS	O"
"it	O"
"was	O"
"on	O"
"repeat	O"
"yesterday	O"
"all	O"
"day	O"
"till	O"
"my	O"
"last	O"
"lesson	O"
"and	O"
"then	O"
"around	O"
"9pm	O"
"i	O"
"put	O"
"it	O"
"back	O"
"and	O"
"then	O"
"its	O"
"been	O"
"on	O"
""
"But	O"
"what	O"
"happens	O"
"when	O"
"karam	O"
"turns	O"
"right	O"
"around	O"
"and	O"
"bites	O"
"you	O"
"?	O"
"And	O"
"everything	O"
"you	O"
"stand	O"
"for	O"
"turns	O"
"on	O"
"you	O"
"despite	O"
"you	O"
"?	O"
""
"Today	O"
"I	O"
"must	O"
"make	O"
"full	O"
"use	O"
"of	O"
"the	O"
"filter	O"
"..	O"
"Please	O"
"don't	O"
"fail	O"
"me	O"
"today	O"
"!	O"
""
"@i_r_squared	O"
"In	O"
"December	O"
",	O"
"I	O"
"would	O"
"advise	O"
"against	O"
"that	O"
".	O"
""
"@Johnterrysbabe	O"
"lol	O"
"I'm	O"
"not	O"
"up	O"
"to	O"
"much	O"
"I'm	O"
"just	O"
"off	O"
"to	O"
"bed	O"
"lol	O"
"had	O"
"a	O"
"long	O"
"day	O"
"cht	O"
"tumoz	O"
":)	O"
""
"@rishi_syd	O"
"hey	O"
",	O"
"I'm	O"
"fine	O"
"!!	O"
"Thanx	O"
":)	O"
"u	O"
"too	O"
"have	O"
"a	O"
"great	O"
"day	O"
";)	O"
""
"#BlackHoliday	O"
"Marvin	B"
"Gaye	I"
"Day	O"
""
"'WHEN	O"
"HE	O"
"SAY	O"
"""	O"
"iS	O"
"YOU	O"
"CHEATiN	O"
"ON	O"
"ME	O"
"""	O"
"THAT	O"
"JUST	O"
"#REALLYMEANS	O"
",	O"
"HE	O"
"ALREADY	O"
"CHEATiN	O"
"!'	O"
""
"party	O"
"today	O"
"&lt;	O"
"3	O"
":)	O"
"happy	O"
"birthday	O"
"florence	B"
"&lt;	O"
"3	O"
""
"@JoshenReborn	O"
"let	O"
"me	O"
"know	O"
"if	O"
"or	O"
"when	O"
"you	O"
"are	O"
"coming	O"
".	O"
"#FullHouse	O"
""
"u	O"
"kno	O"
"that	O"
"day	O"
"when	O"
"the	O"
"wanted	O"
"will	O"
"go	O"
"2	O"
"a	O"
"radio	O"
"station	O"
"to	O"
"find	O"
"out	O"
"if	O"
"there	O"
"number	O"
"1	O"
"with	O"
"heart	O"
"vacancy	O"
",	O"
"when	O"
"will	O"
"that	O"
"be	O"
"?	O"
""
"Great	O"
"#fail	O"
"photo	O"
"from	O"
"@joshbuisch	O"
",	O"
"who	O"
"gets	O"
"my	O"
"#FF	O"
"vote	O"
"for	O"
"the	O"
"day	O"
"for	O"
"being	O"
"hilarious	O"
"!	O"
"http://bit.ly/bA3lUl	O"
""
"$$	O"
"#forex	O"
"#fx	O"
":	O"
"Forex	B"
"Articles	O"
"for	O"
"the	O"
"Weekend	O"
"September	O"
"18lo	O"
"http://www.forexcrunch.com/forex-articles-for-the-weekend-september-18lo/	O"
""
"#uknouugly	O"
"when	O"
"#TeamFollowBack	O"
"dnt	O"
"follow	O"
"you	O"
"back	O"
""
"@Maike_84	O"
"Flikken	B"
"is	O"
"geweldig	O"
"!	O"
"Ik	O"
"kan	O"
"niet	O"
"wachten	O"
"tot	O"
"de	O"
"nieuwe	O"
"serie	O"
"in	O"
"november	O"
"..	O"
"(geloof	O"
"ik	O"
")	O"
"Dit	O"
"jaar	O"
"alles	O"
"gezien	O"
"via	O"
"uitzendinggemist	O"
".	O"
""
"RT	O"
"@BieberPledge	O"
":	O"
"When	O"
"I	O"
"Get	O"
"Old	O"
",	O"
"Imma	O"
"Still	O"
"Be	O"
"Rockin	O"
"Out	O"
"To	O"
"'	O"
"Baby'...Even	O"
"If	O"
"I	O"
"Break	O"
"A	O"
"Hip	O"
";)	O"
""
"Is	O"
"sad	O"
"that	O"
"she	O"
"'s	O"
"missing	O"
"Cowboy	B"
"Mouth	I"
"tonight	O"
":(	O"
""
"@CWWatson	O"
"one	O"
"of	O"
"the	O"
"complainers	O"
"is	O"
"a	O"
"child	O"
"minder	O"
"who	O"
"brings	O"
"kids	O"
"to	O"
"the	O"
"school	O"
"then	O"
"looks	O"
"after	O"
"other	O"
"kids	O"
"thro	O"
"the	O"
"day	O"
".	O"
"Beggers	O"
"belief	O"
""
"RT	O"
"@fredthompson	O"
":	O"
"WH	O"
"rejects	O"
"""	O"
"global	O"
"warming	O"
""",	O"
"favors	O"
"term	O"
"""	O"
"global	O"
"climate	O"
"disruption	O"
""".	O"
"Ya	O"
"know	O"
",	O"
"I	O"
"remember	O"
"back	O"
"when	O"
"we	O"
"used	O"
"to	O"
"call	O"
"it	O"
"...	O"
""
"George	B"
"N	I"
".	I"
"Parks	I"
",	O"
"UMass	B"
"band	O"
"director	O"
",	O"
"dies	O"
"after	O"
"performance	O"
"in	O"
"Ohio	B"
":	O"
"George	B"
"N	I"
".	I"
"Parks	I"
",	O"
"for	O"
"33	O"
"years	O"
"the	O"
"dire	O"
"...	O"
"http://tinyurl.com/2femvgq	O"
""
"For	O"
"code	O"
"I	O"
"'ve	O"
"written	O"
"since	O"
"Sept	O"
"'	O"
"09	O"
",	O"
"the	O"
"delay	O"
"between	O"
"commit	O"
"to	O"
"SCM	O"
"and	O"
"running	O"
"on	O"
"customer	O"
"hardware	O"
"has	O"
"been	O"
"about	O"
"10	O"
"days	O"
".	O"
""
"have	O"
"to	O"
"sleep	O"
"now	O"
"!	O"
"gym	O"
",	O"
"facial	O"
",	O"
"then	O"
"SUPAHFEST	B"
"tonight	O"
"i	O"
"need	O"
"my	O"
"kuya	O"
"'s	O"
"driver	O"
"...	O"
"MOSH	O"
"PIT	O"
"VIP	O"
"common	O"
""
"@jeffstinco	O"
"where	O"
"are	O"
"you	O"
"???	O"
